{"cameraMode":{"drawMode":0,"name":"Shaded","section":"Shading Mode"},"sceneLighting":true,"audioPlay":false,"sceneViewState":{"m_AlwaysRefresh":false,"showFog":true,"showSkybox":true,"showFlares":true,"showImageEffects":true,"showParticleSystems":true,"showVisualEffectGraphs":true,"m_FxEnabled":true},"in2DMode":false,"pivot":{"x":17.319175720214845,"y":1.4383623600006104,"z":31.834606170654298},"rotation":{"x":-0.1401272863149643,"y":0.09778372943401337,"z":-0.014416729100048542,"w":-0.9854079484939575},"size":8.043052673339844,"orthographic":false}